{
  "family": "currency-converter-ecs-task",
  "networkMode": "awsvpc",
  "requiresCompatibilities": ["FARGATE"],
  "cpu": "256",
  "memory": "512",
  "executionRoleArn": "arn:aws:iam::<ACCOUNT_ID>:role/ecsTaskExecutionRole",
  "taskRoleArn": "arn:aws:iam::<ACCOUNT_ID>:role/ecsTaskRole",
  "containerDefinitions": [
    {
      "name": "currency-converter-ecs",
      "image": "<ACCOUNT_ID>.dkr.ecr.<REGION>.amazonaws.com/<ECR_REPOSITORY>:latest",
      "portMappings": [
        {
          "containerPort": 8080,
          "hostPort": 8080,
          "protocol": "tcp"
        }
      ],
      "essential": true,
      "environment": [
        { "name": "SPRING_DATASOURCE_URL", "value": "jdbc:postgresql://your-db-host:5432/currency_db" },
        { "name": "SPRING_DATASOURCE_USERNAME", "value": "postgres" },
        { "name": "SPRING_DATASOURCE_PASSWORD", "value": "postgres" }
      ],
      "logConfiguration": {
        "logDriver": "awslogs",
        "options": {
          "awslogs-group": "/ecs/currency-converter-ecs",
          "awslogs-region": "<REGION>",
          "awslogs-stream-prefix": "ecs"
        }
      }
    }
  ]
}
